Day,r
1926/1/1,0.000561
1926/2/1,-0.033046
1926/3/1,-0.064002
1926/4/1,0.037029
1926/5/1,0.012095
1926/6/1,0.053664
1926/7/1,0.031411
1926/8/1,0.028647
1926/9/1,0.005787
1926/10/1,-0.028996
1926/11/1,0.028554
1926/12/1,0.029211
1927/1/1,0.002416
1927/2/1,0.04537
1927/3/1,0.003756
1927/4/1,0.007225
1927/5/1,0.057773
1927/6/1,-0.021087
1927/7/1,0.075279
1927/8/1,0.02249
1927/9/1,0.049924
1927/10/1,-0.04077
1927/11/1,0.068453
1927/12/1,0.023782
1928/1/1,-0.00334
1928/2/1,-0.014478
1928/3/1,0.090478
1928/4/1,0.043846
1928/5/1,0.01769
1928/6/1,-0.045245
1928/7/1,0.0094
1928/8/1,0.070206
1928/9/1,0.031498
1928/10/1,0.019228
1928/11/1,0.1215
1928/12/1,0.005557
1929/1/1,0.053935
1929/2/1,-0.000446
1929/3/1,-0.007808
1929/4/1,0.017179
1929/5/1,-0.059923
1929/6/1,0.101573
1929/7/1,0.045958
1929/8/1,0.085343
1929/9/1,-0.050455
1929/10/1,-0.196684
1929/11/1,-0.123812
1929/12/1,0.01639
1930/1/1,0.058407
1930/2/1,0.028242
1930/3/1,0.074631
1930/4/1,-0.020541
1930/5/1,-0.01401
1930/6/1,-0.15998
1930/7/1,0.041964
1930/8/1,0.003663
1930/9/1,-0.124805
1930/10/1,-0.086579
1930/11/1,-0.028057
1930/12/1,-0.077739
1931/1/1,0.06378
1931/2/1,0.109695
1931/3/1,-0.062866
1931/4/1,-0.100219
1931/5/1,-0.133836
1931/6/1,0.14034
1931/7/1,-0.066438
1931/8/1,0.003078
1931/9/1,-0.291731
1931/10/1,0.081509
1931/11/1,-0.088402
1931/12/1,-0.134971
1932/1/1,-0.010534
1932/2/1,0.057663
1932/3/1,-0.110599
1932/4/1,-0.179417
1932/5/1,-0.206198
1932/6/1,-0.004289
1932/7/1,0.340643
1932/8/1,0.371388
1932/9/1,-0.028649
1932/10/1,-0.132553
1932/11/1,-0.05826
1932/12/1,0.045227
1933/1/1,0.009813
1933/2/1,-0.153204
1933/3/1,0.033105
1933/4/1,0.394143
1933/5/1,0.213261
1933/6/1,0.133364
1933/7/1,-0.096341
1933/8/1,0.121285
1933/9/1,-0.105836
1933/10/1,-0.08365
1933/11/1,0.099896
1933/12/1,0.017876
1934/1/1,0.126779
1934/2/1,-0.024287
1934/3/1,0.004425
1934/4/1,-0.018345
1934/5/1,-0.072273
1934/6/1,0.025344
1934/7/1,-0.109363
1934/8/1,0.057043
1934/9/1,-0.002362
1934/10/1,-0.018895
1934/11/1,0.082095
1934/12/1,0.003554
1935/1/1,-0.033416
1935/2/1,-0.019462
1935/3/1,-0.036013
1935/4/1,0.090452
1935/5/1,0.034561
1935/6/1,0.057796
1935/7/1,0.07416
1935/8/1,0.026773
1935/9/1,0.026074
1935/10/1,0.069439
1935/11/1,0.052872
1935/12/1,0.046926
1936/1/1,0.069559
1936/2/1,0.025402
1936/3/1,0.008253
1936/4/1,-0.081481
1936/5/1,0.052043
1936/6/1,0.024671
1936/7/1,0.065954
1936/8/1,0.01095
1936/9/1,0.011899
1936/10/1,0.069986
1936/11/1,0.032854
1936/12/1,0.002796
1937/1/1,0.033258
1937/2/1,0.013114
1937/3/1,-0.002732
1937/4/1,-0.075416
1937/5/1,-0.007054
1937/6/1,-0.041748
1937/7/1,0.089725
1937/8/1,-0.048365
1937/9/1,-0.136623
1937/10/1,-0.095798
1937/11/1,-0.083053
1937/12/1,-0.040774
1938/1/1,0.006776
1938/2/1,0.058013
1938/3/1,-0.238416
1938/4/1,0.145963
1938/5/1,-0.039053
1938/6/1,0.237914
1938/7/1,0.072097
1938/8/1,-0.027139
1938/9/1,0.008912
1938/10/1,0.078927
1938/11/1,-0.018206
1938/12/1,0.041919
1939/1/1,-0.060381
1939/2/1,0.035255
1939/3/1,-0.120727
1939/4/1,-0.001932
1939/5/1,0.068971
1939/6/1,-0.053626
1939/7/1,0.102243
1939/8/1,-0.067264
1939/9/1,0.161815
1939/10/1,-0.004191
1939/11/1,-0.037131
1939/12/1,0.029686
1940/1/1,-0.024215
1940/2/1,0.014758
1940/3/1,0.018643
1940/4/1,0.000837
1940/5/1,-0.221112
1940/6/1,0.066856
1940/7/1,0.031923
1940/8/1,0.024296
1940/9/1,0.023118
1940/10/1,0.030143
1940/11/1,-0.016752
1940/12/1,0.006586
1941/1/1,-0.041227
1941/2/1,-0.013801
1941/3/1,0.009515
1941/4/1,-0.054018
1941/5/1,0.01314
1941/6/1,0.058495
1941/7/1,0.059543
1941/8/1,-0.001156
1941/9/1,-0.007611
1941/10/1,-0.052926
1941/11/1,-0.020271
1941/12/1,-0.046692
1942/1/1,0.008979
1942/2/1,-0.023651
1942/3/1,-0.065144
1942/4/1,-0.043583
1942/5/1,0.060174
1942/6/1,0.025772
1942/7/1,0.035326
1942/8/1,0.018408
1942/9/1,0.027069
1942/10/1,0.069088
1942/11/1,0.001177
1942/12/1,0.05129
1943/1/1,0.073382
1943/2/1,0.060478
1943/3/1,0.061794
1943/4/1,0.007333
1943/5/1,0.057142
1943/6/1,0.017351
1943/7/1,-0.047753
1943/8/1,0.013444
1943/9/1,0.024077
1943/10/1,-0.011573
1943/11/1,-0.059903
1943/12/1,0.064217
1944/1/1,0.01803
1944/2/1,0.003459
1944/3/1,0.024768
1944/4/1,-0.016484
1944/5/1,0.050909
1944/6/1,0.056842
1944/7/1,-0.015194
1944/8/1,0.015597
1944/9/1,0.000453
1944/10/1,0.002119
1944/11/1,0.016668
1944/12/1,0.04107
1945/1/1,0.020218
1945/2/1,0.064477
1945/3/1,-0.039177
1945/4/1,0.078232
1945/5/1,0.018185
1945/6/1,0.004676
1945/7/1,-0.022066
1945/8/1,0.061826
1945/9/1,0.048297
1945/10/1,0.038749
1945/11/1,0.054859
1945/12/1,0.013003
1946/1/1,0.063402
1946/2/1,-0.058257
1946/3/1,0.057941
1946/4/1,0.042293
1946/5/1,0.040195
1946/6/1,-0.038668
1946/7/1,-0.026309
1946/8/1,-0.064468
1946/9/1,-0.102023
1946/10/1,-0.014164
1946/11/1,0.000697
1946/12/1,0.050161
1947/1/1,0.013084
1947/2/1,-0.011091
1947/3/1,-0.01679
1947/4/1,-0.047698
1947/5/1,-0.009625
1947/6/1,0.053226
1947/7/1,0.041348
1947/8/1,-0.017357
1947/9/1,-0.004667
1947/10/1,0.024831
1947/11/1,-0.01875
1947/12/1,0.030708
1948/1/1,-0.037908
1948/2/1,-0.043422
1948/3/1,0.082628
1948/4/1,0.038128
1948/5/1,0.074319
1948/6/1,-0.00028
1948/7/1,-0.050288
1948/8/1,0.003762
1948/9/1,-0.029813
1948/10/1,0.060316
1948/11/1,-0.092077
1948/12/1,0.032566
1949/1/1,0.003074
1949/2/1,-0.028852
1949/3/1,0.041537
1949/4/1,-0.017972
1949/5/1,-0.028488
1949/6/1,0.00218
1949/7/1,0.056377
1949/8/1,0.026916
1949/9/1,0.032082
1949/10/1,0.031801
1949/11/1,0.018535
1949/12/1,0.052267
1950/1/1,0.017764
1950/2/1,0.015234
1950/3/1,0.012742
1950/4/1,0.040678
1950/5/1,0.044173
1950/6/1,-0.058018
1950/7/1,0.016122
1950/8/1,0.050875
1950/9/1,0.049044
1950/10/1,-0.001184
1950/11/1,0.029056
1950/12/1,0.057946
1951/1/1,0.058735
1951/2/1,0.014086
1951/3/1,-0.021115
1951/4/1,0.050061
1951/5/1,-0.022464
1951/6/1,-0.025533
1951/7/1,0.071611
1951/8/1,0.045004
1951/9/1,0.009087
1951/10/1,-0.022629
1951/11/1,0.006193
1951/12/1,0.035266
1952/1/1,0.017002
1952/2/1,-0.025141
1952/3/1,0.04587
1952/4/1,-0.049148
1952/5/1,0.032847
1952/6/1,0.039575
1952/7/1,0.011404
1952/8/1,-0.006733
1952/9/1,-0.019147
1952/10/1,-0.005309
1952/11/1,0.059347
1952/12/1,0.031066
1953/1/1,-0.001644
1953/2/1,-0.00182
1953/3/1,-0.012862
1953/4/1,-0.027705
1953/5/1,0.006921
1953/6/1,-0.016377
1953/7/1,0.025111
1953/8/1,-0.044056
1953/9/1,0.00301
1953/10/1,0.047523
1953/11/1,0.028501
1953/12/1,0.000678
1954/1/1,0.052722
1954/2/1,0.017551
1954/3/1,0.037377
1954/4/1,0.043162
1954/5/1,0.031704
1954/6/1,0.01156
1954/7/1,0.050668
1954/8/1,-0.022763
1954/9/1,0.064633
1954/10/1,-0.016216
1954/11/1,0.095387
1954/12/1,0.055469
1955/1/1,0.006838
1955/2/1,0.031354
1955/3/1,-0.000995
1955/4/1,0.032352
1955/5/1,0.012033
1955/6/1,0.066108
1955/7/1,0.020246
1955/8/1,0.004197
1955/9/1,-0.002009
1955/10/1,-0.025752
1955/11/1,0.071864
1955/12/1,0.016543
1956/1/1,-0.028119
1956/2/1,0.03961
1956/3/1,0.068456
1956/4/1,0.005083
1956/5/1,-0.049309
1956/6/1,0.037251
1956/7/1,0.05083
1956/8/1,-0.02982
1956/9/1,-0.049608
1956/10/1,0.007292
1956/11/1,0.004678
1956/12/1,0.034957
1957/1/1,-0.032121
1957/2/1,-0.018703
1957/3/1,0.024112
1957/4/1,0.045179
1957/5/1,0.036679
1957/6/1,-0.005054
1957/7/1,0.008938
1957/8/1,-0.050051
1957/9/1,-0.057586
1957/10/1,-0.041251
1957/11/1,0.025605
1957/12/1,-0.03736
1958/1/1,0.049595
1958/2/1,-0.014257
1958/3/1,0.0337
1958/4/1,0.030833
1958/5/1,0.024582
1958/6/1,0.029493
1958/7/1,0.044844
1958/8/1,0.019181
1958/9/1,0.04868
1958/10/1,0.027184
1958/11/1,0.03061
1958/12/1,0.053099
1959/1/1,0.00912
1959/2/1,0.01122
1959/3/1,0.004669
1959/4/1,0.037899
1959/5/1,0.019595
1959/6/1,0.000676
1959/7/1,0.034362
1959/8/1,-0.012446
1959/9/1,-0.044977
1959/10/1,0.015746
1959/11/1,0.018557
1959/12/1,0.028043
1960/1/1,-0.066244
1960/2/1,0.014419
1960/3/1,-0.012822
1960/4/1,-0.015271
1960/5/1,0.034098
1960/6/1,0.022833
1960/7/1,-0.022705
1960/8/1,0.032215
1960/9/1,-0.058673
1960/10/1,-0.004705
1960/11/1,0.048617
1960/12/1,0.048537
1961/1/1,0.063952
1961/2/1,0.037005
1961/3/1,0.03061
1961/4/1,0.005645
1961/5/1,0.025894
1961/6/1,-0.028499
1961/7/1,0.029955
1961/8/1,0.026854
1961/9/1,-0.01999
1961/10/1,0.027331
1961/11/1,0.045451
1961/12/1,0.000713
1962/1/1,-0.036147
1962/2/1,0.019512
1962/3/1,-0.004688
1962/4/1,-0.063435
1962/5/1,-0.08462
1962/6/1,-0.082615
1962/7/1,0.065438
1962/8/1,0.023417
1962/9/1,-0.050158
1962/10/1,0.002188
1962/11/1,0.110137
1962/12/1,0.011865
1963/1/1,0.051848
1963/2/1,-0.021931
1963/3/1,0.032917
1963/4/1,0.047439
1963/5/1,0.020051
1963/6/1,-0.01803
1963/7/1,-0.001717
1963/8/1,0.052684
1963/9/1,-0.011898
1963/10/1,0.027708
1963/11/1,-0.005549
1963/12/1,0.021737
1964/1/1,0.02579
1964/2/1,0.017207
1964/3/1,0.017636
1964/4/1,0.004607
1964/5/1,0.017403
1964/6/1,0.01508
1964/7/1,0.020118
1964/8/1,-0.011266
1964/9/1,0.03048
1964/10/1,0.008869
1964/11/1,0.00309
1964/12/1,0.00369
1965/1/1,0.038646
1965/2/1,0.006946
1965/3/1,-0.009715
1965/4/1,0.033652
1965/5/1,-0.004351
1965/6/1,-0.051868
1965/7/1,0.01676
1965/8/1,0.030883
1965/9/1,0.031952
1965/10/1,0.029271
1965/11/1,0.003065
1965/12/1,0.013545
1966/1/1,0.012122
1966/2/1,-0.008621
1966/3/1,-0.020923
1966/4/1,0.024837
1966/5/1,-0.052538
1966/6/1,-0.010317
1966/7/1,-0.01287
1966/8/1,-0.075388
1966/9/1,-0.006958
1966/10/1,0.042294
1966/11/1,0.017516
1966/12/1,0.00621
1967/1/1,0.08553
1967/2/1,0.010945
1967/3/1,0.043384
1967/4/1,0.041609
1967/5/1,-0.039293
1967/6/1,0.026902
1967/7/1,0.04919
1967/8/1,-0.006282
1967/9/1,0.034286
1967/10/1,-0.027433
1967/11/1,0.007902
1967/12/1,0.033699
1968/1/1,-0.036331
1968/2/1,-0.033624
1968/3/1,0.005117
1968/4/1,0.094148
1968/5/1,0.02704
1968/6/1,0.011527
1968/7/1,-0.022024
1968/8/1,0.018037
1968/9/1,0.044454
1968/10/1,0.009041
1968/11/1,0.058501
1968/12/1,-0.033873
1969/1/1,-0.006711
1969/2/1,-0.053641
1969/3/1,0.030505
1969/4/1,0.020527
1969/5/1,0.00504
1969/6/1,-0.067388
1969/7/1,-0.065171
1969/8/1,0.051491
1969/9/1,-0.02259
1969/10/1,0.055637
1969/11/1,-0.032164
1969/12/1,-0.01968
1970/1/1,-0.073254
1970/2/1,0.056706
1970/3/1,-0.004729
1970/4/1,-0.105318
1970/5/1,-0.064346
1970/6/1,-0.051067
1970/7/1,0.07417
1970/8/1,0.050036
1970/9/1,0.047535
1970/10/1,-0.018208
1970/11/1,0.050448
1970/12/1,0.060723
1971/1/1,0.05203
1971/2/1,0.016913
1971/3/1,0.044778
1971/4/1,0.033332
1971/5/1,-0.036409
1971/6/1,0.003119
1971/7/1,-0.040283
1971/8/1,0.042511
1971/9/1,-0.005016
1971/10/1,-0.040683
1971/11/1,-0.001262
1971/12/1,0.091257
1972/1/1,0.028382
1972/2/1,0.031349
1972/3/1,0.008723
1972/4/1,0.005505
1972/5/1,0.016375
1972/6/1,-0.020897
1972/7/1,-0.004254
1972/8/1,0.035966
1972/9/1,-0.00767
1972/10/1,0.008676
1972/11/1,0.049764
1972/12/1,0.011243
1973/1/1,-0.027454
1973/2/1,-0.04437
1973/3/1,-0.007857
1973/4/1,-0.051769
1973/5/1,-0.024508
1973/6/1,-0.008648
1973/7/1,0.056961
1973/8/1,-0.029657
1973/9/1,0.053931
1973/10/1,-0.000415
1973/11/1,-0.120713
1973/12/1,0.011437
1974/1/1,0.004413
1974/2/1,0.002345
1974/3/1,-0.023364
1974/4/1,-0.045961
1974/5/1,-0.041981
1974/6/1,-0.022942
1974/7/1,-0.070874
1974/8/1,-0.087757
1974/9/1,-0.109718
1974/10/1,0.165584
1974/11/1,-0.041046
1974/12/1,-0.027005
1975/1/1,0.1416
1975/2/1,0.058412
1975/3/1,0.03019
1975/4/1,0.046497
1975/5/1,0.05514
1975/6/1,0.051473
1975/7/1,-0.060385
1975/8/1,-0.023558
1975/9/1,-0.03801
1975/10/1,0.055857
1975/11/1,0.031222
1975/12/1,-0.010998
1976/1/1,0.126012
1976/2/1,0.00731
1976/3/1,0.02674
1976/4/1,-0.010402
1976/5/1,-0.009326
1976/6/1,0.044521
1976/7/1,-0.006136
1976/8/1,-0.001398
1976/9/1,0.024513
1976/10/1,-0.020372
1976/11/1,0.005363
1976/12/1,0.061591
1977/1/1,-0.036326
1977/2/1,-0.015744
1977/3/1,-0.009249
1977/4/1,0.004962
1977/5/1,-0.010777
1977/6/1,0.051369
1977/7/1,-0.012806
1977/8/1,-0.013338
1977/9/1,0.001572
1977/10/1,-0.039278
1977/11/1,0.04544
1977/12/1,0.008223
1978/1/1,-0.055199
1978/2/1,-0.009275
1978/3/1,0.034009
1978/4/1,0.082853
1978/5/1,0.02323
1978/6/1,-0.010748
1978/7/1,0.056741
1978/8/1,0.04237
1978/9/1,-0.006889
1978/10/1,-0.110995
1978/11/1,0.033787
1978/12/1,0.017708
1979/1/1,0.04953
1979/2/1,-0.026765
1979/3/1,0.065613
1979/4/1,0.00852
1979/5/1,-0.013571
1979/6/1,0.046852
1979/7/1,0.014991
1979/8/1,0.064732
1979/9/1,0.001426
1979/10/1,-0.072662
1979/11/1,0.063604
1979/12/1,0.028215
1980/1/1,0.065607
1980/2/1,0.001015
1980/3/1,-0.120224
1980/4/1,0.052287
1980/5/1,0.06009
1980/6/1,0.037714
1980/7/1,0.069438
1980/8/1,0.023554
1980/9/1,0.029498
1980/10/1,0.020095
1980/11/1,0.104952
1980/12/1,-0.034411
1981/1/1,-0.040085
1981/2/1,0.015519
1981/3/1,0.046183
1981/4/1,-0.011266
1981/5/1,0.013546
1981/6/1,-0.010243
1981/7/1,-0.003079
1981/8/1,-0.056281
1981/9/1,-0.063776
1981/10/1,0.060162
1981/11/1,0.045848
1981/12/1,-0.028096
1982/1/1,-0.026209
1982/2/1,-0.051126
1982/3/1,-0.010101
1982/4/1,0.043269
1982/5/1,-0.028213
1982/6/1,-0.023913
1982/7/1,-0.020525
1982/8/1,0.119016
1982/9/1,0.016766
1982/10/1,0.118632
1982/11/1,0.051941
1982/12/1,0.01451
1983/1/1,0.041844
1983/2/1,0.030215
1983/3/1,0.034678
1983/4/1,0.074185
1983/5/1,0.013225
1983/6/1,0.037837
1983/7/1,-0.03157
1983/8/1,0.003465
1983/9/1,0.016027
1983/10/1,-0.028038
1983/11/1,0.029556
1983/12/1,-0.010464
1984/1/1,-0.013025
1984/2/1,-0.039073
1984/3/1,0.01339
1984/4/1,0.002538
1984/5/1,-0.05232
1984/6/1,0.023384
1984/7/1,-0.020623
1984/8/1,0.112691
1984/9/1,0.000403
1984/10/1,-7.30E-05
1984/11/1,-0.010685
1984/12/1,0.023653
1985/1/1,0.085719
1985/2/1,0.016898
1985/3/1,-0.001747
1985/4/1,-0.002187
1985/5/1,0.055774
1985/6/1,0.017091
1985/7/1,-0.000251
1985/8/1,-0.004794
1985/9/1,-0.039826
1985/10/1,0.044441
1985/11/1,0.069228
1985/12/1,0.043061
1986/1/1,0.00983
1986/2/1,0.072501
1986/3/1,0.053887
1986/4/1,-0.007903
1986/5/1,0.050847
1986/6/1,0.014244
1986/7/1,-0.0597
1986/8/1,0.066183
1986/9/1,-0.07902
1986/10/1,0.049305
1986/11/1,0.015093
1986/12/1,-0.026387
1987/1/1,0.128499
1987/2/1,0.047922
1987/3/1,0.023664
1987/4/1,-0.016996
1987/5/1,0.005123
1987/6/1,0.043655
1987/7/1,0.044247
1987/8/1,0.037147
1987/9/1,-0.020773
1987/10/1,-0.225361
1987/11/1,-0.072272
1987/12/1,0.070324
1988/1/1,0.044875
1988/2/1,0.051691
1988/3/1,-0.016598
1988/4/1,0.010993
1988/5/1,0.000447
1988/6/1,0.051457
1988/7/1,-0.007272
1988/8/1,-0.028006
1988/9/1,0.037204
1988/10/1,0.017645
1988/11/1,-0.016411
1988/12/1,0.021071
1989/1/1,0.066101
1989/2/1,-0.016442
1989/3/1,0.021465
1989/4/1,0.048207
1989/5/1,0.039336
1989/6/1,-0.004856
1989/7/1,0.077128
1989/8/1,0.022126
1989/9/1,-0.001473
1989/10/1,-0.029285
1989/11/1,0.017816
1989/12/1,0.018294
1990/1/1,-0.070114
1990/2/1,0.0149
1990/3/1,0.024148
1990/4/1,-0.028283
1990/5/1,0.088935
1990/6/1,-0.004193
1990/7/1,-0.009392
1990/8/1,-0.091903
1990/9/1,-0.053844
1990/10/1,-0.012499
1990/11/1,0.065742
1990/12/1,0.029511
1991/1/1,0.049083
1991/2/1,0.075848
1991/3/1,0.028922
1991/4/1,0.003311
1991/5/1,0.040737
1991/6/1,-0.044024
1991/7/1,0.046779
1991/8/1,0.026807
1991/9/1,-0.010979
1991/10/1,0.017847
1991/11/1,-0.037291
1991/12/1,0.106782
1992/1/1,-0.001164
1992/2/1,0.013355
1992/3/1,-0.023699
1992/4/1,0.013414
1992/5/1,0.006407
1992/6/1,-0.019258
1992/7/1,0.0399
1992/8/1,-0.020819
1992/9/1,0.012461
1992/10/1,0.010983
1992/11/1,0.040181
1992/12/1,0.01774
1993/1/1,0.012616
1993/2/1,0.005425
1993/3/1,0.025089
1993/4/1,-0.025391
1993/5/1,0.029572
1993/6/1,0.005434
1993/7/1,-0.000806
1993/8/1,0.039496
1993/9/1,0.000629
1993/10/1,0.018051
1993/11/1,-0.0176
1993/12/1,0.019554
1994/1/1,0.031459
1994/2/1,-0.024207
1994/3/1,-0.045795
1994/4/1,0.009495
1994/5/1,0.009353
1994/6/1,-0.02788
1994/7/1,0.030657
1994/8/1,0.042629
1994/9/1,-0.018338
1994/10/1,0.014521
1994/11/1,-0.037206
1994/12/1,0.01258
1995/1/1,0.020353
1995/2/1,0.039647
1995/3/1,0.027064
1995/4/1,0.025048
1995/5/1,0.033909
1995/6/1,0.031142
1995/7/1,0.040801
1995/8/1,0.0093
1995/9/1,0.036354
1995/10/1,-0.011339
1995/11/1,0.042771
1995/12/1,0.015192
1996/1/1,0.028121
1996/2/1,0.016353
1996/3/1,0.010914
1996/4/1,0.02556
1996/5/1,0.02681
1996/6/1,-0.008289
1996/7/1,-0.053851
1996/8/1,0.032451
1996/9/1,0.052985
1996/10/1,0.013673
1996/11/1,0.065594
1996/12/1,-0.011381
1997/1/1,0.053473
1997/2/1,-0.001067
1997/3/1,-0.044889
1997/4/1,0.042396
1997/5/1,0.07164
1997/6/1,0.044081
1997/7/1,0.076513
1997/8/1,-0.036323
1997/9/1,0.058453
1997/10/1,-0.034433
1997/11/1,0.030354
1997/12/1,0.017822
1998/1/1,0.004511
1998/2/1,0.073321
1998/3/1,0.051273
1998/4/1,0.010924
1998/5/1,-0.025746
1998/6/1,0.031839
1998/7/1,-0.023377
1998/8/1,-0.15786
1998/9/1,0.063814
1998/10/1,0.074406
1998/11/1,0.062001
1998/12/1,0.063058
1999/1/1,0.038447
1999/2/1,-0.038083
1999/3/1,0.037925
1999/4/1,0.049092
1999/5/1,-0.020708
1999/6/1,0.050823
1999/7/1,-0.030833
1999/8/1,-0.009918
1999/9/1,-0.022669
1999/10/1,0.062107
1999/11/1,0.036822
1999/12/1,0.083745
2000/1/1,-0.039622
2000/2/1,0.03176
2000/3/1,0.053499
2000/4/1,-0.059519
2000/5/1,-0.038863
2000/6/1,0.051576
2000/7/1,-0.017679
2000/8/1,0.074984
2000/9/1,-0.051154
2000/10/1,-0.02448
2000/11/1,-0.102365
2000/12/1,0.02045
2001/1/1,0.039573
2001/2/1,-0.099084
2001/3/1,-0.070408
2001/4/1,0.083834
2001/5/1,0.010442
2001/6/1,-0.017561
2001/7/1,-0.018284
2001/8/1,-0.05898
2001/9/1,-0.091497
2001/10/1,0.027847
2001/11/1,0.078789
2001/12/1,0.017854
2002/1/1,-0.015966
2002/2/1,-0.0217
2002/3/1,0.044698
2002/4/1,-0.0496
2002/5/1,-0.01051
2002/6/1,-0.070259
2002/7/1,-0.081125
2002/8/1,0.007949
2002/9/1,-0.099923
2002/10/1,0.07494
2002/11/1,0.061282
2002/12/1,-0.053334
2003/1/1,-0.023367
2003/2/1,-0.015417
2003/3/1,0.010321
2003/4/1,0.082768
2003/5/1,0.063471
2003/6/1,0.016346
2003/7/1,0.023112
2003/8/1,0.024965
2003/9/1,-0.00912
2003/10/1,0.060361
2003/11/1,0.016594
2003/12/1,0.045476
2004/1/1,0.023042
2004/2/1,0.015443
2004/3/1,-0.010662
2004/4/1,-0.024222
2004/5/1,0.014068
2004/6/1,0.021611
2004/7/1,-0.037698
2004/8/1,0.002703
2004/9/1,0.020556
2004/10/1,0.017806
2004/11/1,0.048214
2004/12/1,0.03517
2005/1/1,-0.026546
2005/2/1,0.022646
2005/3/1,-0.016944
2005/4/1,-0.025206
2005/5/1,0.037954
2005/6/1,0.011529
2005/7/1,0.043357
2005/8/1,-0.005958
2005/9/1,0.0106
2005/10/1,-0.020866
2005/11/1,0.040326
2005/12/1,0.003458
2006/1/1,0.040072
2006/2/1,-0.001639
2006/3/1,0.019065
2006/4/1,0.012999
2006/5/1,-0.031026
2006/6/1,-0.000374
2006/7/1,-0.001906
2006/8/1,0.025056
2006/9/1,0.019444
2006/10/1,0.037125
2006/11/1,0.023755
2006/12/1,0.01085
2007/1/1,0.019386
2007/2/1,-0.014023
2007/3/1,0.012955
2007/4/1,0.039864
2007/5/1,0.038937
2007/6/1,-0.014717
2007/7/1,-0.03176
2007/8/1,0.011588
2007/9/1,0.040875
2007/10/1,0.025923
2007/11/1,-0.049415
2007/12/1,-0.004288
2008/1/1,-0.062356
2008/2/1,-0.022002
2008/3/1,-0.010401
2008/4/1,0.051221
2008/5/1,0.023992
2008/6/1,-0.078606
2008/7/1,-0.013285
2008/8/1,0.011155
2008/9/1,-0.098318
2008/10/1,-0.184868
2008/11/1,-0.085405
2008/12/1,0.021629
2009/1/1,-0.077633
2009/2/1,-0.101076
2009/3/1,0.087789
2009/4/1,0.110657
2009/5/1,0.067336
2009/6/1,-0.002681
2009/7/1,0.082547
2009/8/1,0.031998
2009/9/1,0.045295
2009/10/1,-0.028492
2009/11/1,0.057365
2009/12/1,0.02922
2010/1/1,-0.037197
2010/2/1,0.035324
2010/3/1,0.064493
2010/4/1,0.020269
2010/5/1,-0.080029
2010/6/1,-0.05205
2010/7/1,0.071217
2010/8/1,-0.043909
2010/9/1,0.092625
2010/10/1,0.03902
2010/11/1,0.00562
2010/12/1,0.067911
2011/1/1,0.020235
2011/2/1,0.038646
2011/3/1,0.002869
2011/4/1,0.028151
2011/5/1,-0.014681
2011/6/1,-0.018536
2011/7/1,-0.023595
2011/8/1,-0.058632
2011/9/1,-0.084419
2011/10/1,0.115519
2011/11/1,-0.006179
2011/12/1,0.004856
2012/1/1,0.05397
2012/2/1,0.042064
2012/3/1,0.025306
2012/4/1,-0.006855
2012/5/1,-0.065899
2012/6/1,0.038476
2012/7/1,0.010375
2012/8/1,0.026644
2012/9/1,0.026586
2012/10/1,-0.014328
2012/11/1,0.006256
2012/12/1,0.012355
2013/1/1,0.055856
2013/2/1,0.009126
2013/3/1,0.036332
2013/4/1,0.015282
2013/5/1,0.021002
2013/6/1,-0.014302
2013/7/1,0.053532
2013/8/1,-0.026081
2013/9/1,0.037676
2013/10/1,0.04046
2013/11/1,0.025943
2013/12/1,0.026929
2014/1/1,-0.030092
2014/2/1,0.046472
2014/3/1,0.004575
2014/4/1,0.001407
2014/5/1,0.020539
2014/6/1,0.028292
2014/7/1,-0.020704
2014/8/1,0.041016
2014/9/1,-0.024776
2014/10/1,0.021431
2014/11/1,0.02175
2014/12/1,-0.003325
2015/1/1,-0.028454
2015/2/1,0.057119
2015/3/1,-0.010504
2015/4/1,0.008592
2015/5/1,0.010735
2015/6/1,-0.019165
2015/7/1,0.012777
2015/8/1,-0.060433
2015/9/1,-0.034271
2015/10/1,0.075022
2015/11/1,0.002673
2015/12/1,-0.022286
2016/1/1,-0.058175
2016/2/1,0.000678
2016/3/1,0.071243
2016/4/1,0.011615
2016/5/1,0.015057
2016/6/1,0.002266
2016/7/1,0.039319
2016/8/1,0.003164
2016/9/1,0.002917
2016/10/1,-0.021681
2016/11/1,0.04263
2016/12/1,0.018966
2017/1/1,0.022336
2017/2/1,0.033241
2017/3/1,0.001911
2017/4/1,0.009677
2017/5/1,0.009309
2017/6/1,0.009825
2017/7/1,0.020376
2017/8/1,0.001488
2017/9/1,0.024192
2017/10/1,0.019546
2017/11/1,0.027873
2017/12/1,0.012083
2018/1/1,0.051348
2018/2/1,-0.039484
2018/3/1,-0.019197
2018/4/1,0.004923
2018/5/1,0.027215
2018/6/1,0.006041
2018/7/1,0.032083
2018/8/1,0.03153
2018/9/1,0.000501
2018/10/1,-0.074757
2018/11/1,0.018613
2018/12/1,-0.091659
2019/1/1,0.089342
2019/2/1,0.033401
2019/3/1,0.013176
2019/4/1,0.03875
2019/5/1,-0.06252
2019/6/1,0.067923
2019/7/1,0.012354
2019/8/1,-0.020849
2019/9/1,0.016067
2019/10/1,0.019237
2019/11/1,0.03613
2019/12/1,0.028425
2020/1/1,-0.001066
2020/2/1,-0.078865
2020/3/1,-0.142565
2020/4/1,0.132193
2020/5/1,0.054521
2020/6/1,0.025618
2020/7/1,0.055893
2020/8/1,0.070445
2020/9/1,-0.03555
2020/10/1,-0.020727
2020/11/1,0.126002
2020/12/1,0.045194
2021/1/1,-0.000683
2021/2/1,0.029661
2021/3/1,0.030917
2021/4/1,0.049106
2021/5/1,0.006574
2021/6/1,0.024485
2021/7/1,0.01231
2021/8/1,0.027787
2021/9/1,-0.042671
2021/10/1,0.065942
2021/11/1,-0.018305
2021/12/1,0.033096
2022/1/1,-0.061046
2022/2/1,-0.022297
2022/3/1,0.031486
2022/4/1,-0.090973
2022/5/1,-0.002795
2022/6/1,-0.084927
2022/7/1,0.09253
2022/8/1,-0.036383
2022/9/1,-0.092081
2022/10/1,0.078669
2022/11/1,0.051431
2022/12/1,-0.058719
2023/1/1,0.07277
2023/2/1,-0.024151
2023/3/1,0.024496
2023/4/1,0.009039
2023/5/1,0.002027
2023/6/1,0.067583
2023/7/1,0.035849
2023/8/1,-0.0203
2023/9/1,-0.048003
2023/10/1,-0.029225
2023/11/1,0.093358
2023/12/1,0.053768
